cycle,v_forward_est (V/s),v_reverse_est (V/s),v_mean_est (V/s),i_forward_avg (A),i_reverse_avg (A),C_plateau (F),Q_forward (C),Q_reverse (C),ΔV_mean (V),C_charge (F)
Cycle 1,0.13460715611775714,0.8060700363582431,0.4703385962380001,-3.349457912679202e-07,-1.8634717995676258e-05,1.9453827892053657e-05,-1.6246787022426597e-09,-1.386624147307704e-05,0.1804970949888229,3.840675883241597e-05
Cycle 2,0.8085535632236348,0.8066909180753226,0.8076222406494786,2.3040626071674527e-05,-1.8313523324926585e-05,2.5602408722266413e-05,7.58742483838387e-05,-1.4121816841780851e-05,0.3658558964729309,0.00012299387011831066
All,0.8085535632247094,0.8064736094744458,0.8075135863495776,2.303574675449056e-05,-1.8465761179828085e-05,2.5697095773910847e-05,7.492344143058176e-05,-5.8867444373088007e-05,0.3632754996418953,0.00018414520926343268
